{"cameraMode":{"drawMode":0,"name":"Shaded","section":"Shading Mode"},"sceneLighting":true,"audioPlay":false,"sceneViewState":{"showFog":true,"showMaterialUpdate":false,"showSkybox":true,"showFlares":true,"showImageEffects":true,"showParticleSystems":true},"in2DMode":false,"pivot":{"x":1.159999966621399,"y":7.789999961853027,"z":-51.880001068115237},"rotation":{"x":-0.17358769476413728,"y":0.13340789079666139,"z":-0.023784751072525979,"w":-0.9755061864852905},"size":22.0,"orthographic":false}